Workbook

Sheet Inputs & Assumptions
B1: AI IT Helpdesk — Business Case Calculator
B3: ORGANIZATION PARAMETERS | C3: Value | D3: Unit
B4: Total Employees + Contractors | C4: 40000
B5: Helpdesk Contacts per Hour | C5: 500 | D5: contacts/hr
B6: Operating Hours per Day (business hours) | C6: 8 | D6: hours
B7: Average Resolution Time (Human) | C7: 5 | D7: minutes
B8: Working Days per Year | C8: 250 | D8: days
B9: Average L1 Agent Cost (fully loaded, annual) | C9: 45000 | D9: $/year
B10: Average Employee Hourly Cost (blended) | C10: 50 | D10: $/hour
B11: Productive Hours per Agent per Day | C11: 6 | D11: hours
B13: AI SOLUTION PARAMETERS | C13: Value | D13: Unit
B14: AI Deflection Rate (L1) | C14: 0.6 | D14: %
B15: AI Average Resolution Time | C15: 3 | D15: minutes
B16: AI Off-Hours Deflection Rate | C16: 0.8 | D16: %
B17: Off-Hours Shift Premium Multiplier | C17: 1.3 | D17: x
B18: Additional Off-Hours per Day | C18: 14 | D18: hours
B20: SOLUTION COST (ANNUAL) | C20: Value | D20: Unit
B21: OpenAI API Cost (annual) | C21: 200000 | D21: $/year
B22: Cloud Hosting (annual) | C22: 40000 | D22: $/year
B23: Development & Maintenance FTEs (annual) | C23: 375000 | D23: $/year
B24: Total Annual Solution Cost | C24: =SUM(C21:C23) -> 615000 | D24: $/year

Sheet Calculations & Results
B1: AI IT Helpdesk — Calculated Results
B3: CURRENT STATE (Without AI) | C3: Calculated | D3: Unit
B4: Contacts per Day | C4: ='Inputs & Assumptions'!C5*'Inputs & Assumptions'!C6 -> 4000 | D4: contacts
B5: Total Minutes per Day (employee time) | C5: =C4*'Inputs & Assumptions'!C7 -> 20000 | D5: minutes
B6: Total Hours per Day (employee time) | C6: =C5/60 -> 333.33333 | D6: hours
B7: Total Hours per Year (employee time) | C7: =C6*'Inputs & Assumptions'!C8 -> 83333.333 | D7: hours
B8: Annual Employee Productivity Cost | C8: =C7*'Inputs & Assumptions'!C10 -> 4166666.7 | D8: $
B9: Agent-Hours Needed per Day | C9: =C5/60 -> 333.33333 | D9: hours
B10: L1 Agents Needed | C10: =ROUNDUP(C9/'Inputs & Assumptions'!C11,0) -> 56 | D10: agents
B11: Annual L1 Staffing Cost | C11: =C10*'Inputs & Assumptions'!C9 -> 2520000 | D11: $
B13: WITH AI HELPDESK | C13: Calculated | D13: Unit
B14: AI Handles (contacts/day) | C14: =C4*'Inputs & Assumptions'!C14 -> 2400 | D14: contacts
B15: Human Handles (contacts/day) | C15: =C4*(1-'Inputs & Assumptions'!C14) -> 1600 | D15: contacts
B16: AI Minutes per Day | C16: =C14*'Inputs & Assumptions'!C15 -> 7200 | D16: minutes
B17: Human Minutes per Day | C17: =C15*'Inputs & Assumptions'!C7 -> 8000 | D17: minutes
B18: Total Minutes per Day (with AI) | C18: =C16+C17 -> 15200 | D18: minutes
B19: Total Hours per Year (with AI) | C19: =(C18/60)*'Inputs & Assumptions'!C8 -> 63333.333 | D19: hours
B20: Annual Employee Productivity Cost (with AI) | C20: =C19*'Inputs & Assumptions'!C10 -> 3166666.7 | D20: $
B21: Human Agent-Hours per Day | C21: =C17/60 -> 133.33333 | D21: hours
B22: L1 Agents Needed (with AI) | C22: =ROUNDUP(C21/'Inputs & Assumptions'!C11,0) -> 23 | D22: agents
B23: Annual L1 Staffing Cost (with AI) | C23: =C22*'Inputs & Assumptions'!C9 -> 1035000 | D23: $
B25: 24/7 COVERAGE ANALYSIS | C25: Calculated | D25: Unit
B26: Off-Hours Contacts per Day | C26: ='Inputs & Assumptions'!C5*'Inputs & Assumptions'!C18 -> 7000 | D26: contacts
B27: Off-Hours Minutes per Day (human) | C27: =C26*'Inputs & Assumptions'!C7 -> 35000 | D27: minutes
B28: Off-Hours Agent-Hours per Day | C28: =C27/60 -> 583.33333 | D28: hours
B29: Off-Hours Agents Needed (human only) | C29: =ROUNDUP(C28/'Inputs & Assumptions'!C11,0) -> 98 | D29: agents
B30: Off-Hours Annual Cost (human, with premium) | C30: =C29*'Inputs & Assumptions'!C9*'Inputs & Assumptions'!C17 -> 5733000 | D30: $
B31: Off-Hours AI Handles (%) | C31: ='Inputs & Assumptions'!C16 -> 0.8 | D31: %
B32: Off-Hours Human Agents (with AI) | C32: =ROUNDUP(C29*(1-'Inputs & Assumptions'!C16),0) -> 20 | D32: agents
B33: Off-Hours Annual Cost (with AI, with premium) | C33: =C32*'Inputs & Assumptions'!C9*'Inputs & Assumptions'!C17 -> 1170000 | D33: $
B35: ANNUAL SAVINGS SUMMARY | C35: Annual $
B36: Employee Productivity Savings | C36: =C8-C20 -> 1000000
B37: L1 Staffing Savings | C37: =C11-C23 -> 1485000
B38: Agents Reduced | C38: =C10-C22 -> 33
B39: 24/7 Coverage Cost Avoidance | C39: =C30-C33 -> 4563000
B40: TOTAL ANNUAL BENEFIT | C40: =C36+C37+C39 -> 7048000
B41: Total Annual Solution Cost | C41: ='Inputs & Assumptions'!C24 -> 615000
B42: Return on Investment (ROI) | C42: =C40/C41 -> 11.460163
B43: Payback Period | C43: =ROUND(365/C42,0)&" days" -> 32 days

Sheet Executive Summary
B1: AI IT Helpdesk — Executive Summary
B3: Metric | C3: Current (No AI) | D3: With AI | E3: Savings
B4: Contacts per Day | C4: ='Calculations & Results'!C4 -> 4000 | D4: ='Calculations & Results'!C4 -> 4000 | E4: —
B5: Avg Resolution Time (min) | C5: ='Inputs & Assumptions'!C7 -> 5 | D5: ='Inputs & Assumptions'!C15 -> 3 | E5: —
B6: Employee Hours Lost / Year | C6: ='Calculations & Results'!C7 -> 83333.333 | D6: ='Calculations & Results'!C19 -> 63333.333 | E6: ='Calculations & Results'!C7-'Calculations & Results'!C19 -> 20000
B7: L1 Agents Required | C7: ='Calculations & Results'!C10 -> 56 | D7: ='Calculations & Results'!C22 -> 23 | E7: ='Calculations & Results'!C10-'Calculations & Results'!C22 -> 33
B8: Annual Productivity Cost | C8: ='Calculations & Results'!C8 -> 4166666.7 | D8: ='Calculations & Results'!C20 -> 3166666.7 | E8: ='Calculations & Results'!C8-'Calculations & Results'!C20 -> 1000000
B9: Annual L1 Staffing Cost | C9: ='Calculations & Results'!C11 -> 2520000 | D9: ='Calculations & Results'!C23 -> 1035000 | E9: ='Calculations & Results'!C11-'Calculations & Results'!C23 -> 1485000
B10: 24/7 Coverage Cost | C10: ='Calculations & Results'!C30 -> 5733000 | D10: ='Calculations & Results'!C33 -> 1170000 | E10: ='Calculations & Results'!C30-'Calculations & Results'!C33 -> 4563000
B12: TOTAL ANNUAL BENEFIT | E12: ='Calculations & Results'!C40 -> 7048000
B13: Total Solution Cost | E13: ='Inputs & Assumptions'!C24 -> 615000
B14: NET ANNUAL BENEFIT | E14: =E12-E13 -> 6433000
B15: ROI | E15: =E12/E13 -> 11.460163
B17: HOW TO USE:
B18: 1. Go to "Inputs & Assumptions" sheet
B19: 2. Modify any blue-shaded cell to change assumptions
B20: 3. All calculations update automatically
B21: 4. View results on "Calculations" and this summary sheet
